"Data","Price"
1.1.13,264.53
2.1.13,965.45
3.1.13,1110.53
4.1.13,1268.26
5.1.13,1730.21
6.1.13,1987.45
7.1.13,2351.45
8.1.13,324.53
9.1.13,566.75
10.1.13,653.69
11.1.13,664.01
12.1.13,1110.53
13.1.13,1257.86
14.1.13,1397.41
15.1.13,1409.45
16.1.13,1665.21
17.1.13,178.53
18.1.13,401.75
19.1.13,405.69
20.1.13,563.32
21.1.13,563.32
22.1.13,563.32
23.1.13,563.32
24.1.13,566.75
25.1.13,653.69
26.1.13,965.45
27.1.13,1049.52
28.1.13,1050.52
29.1.13,1340.03
30.1.13,1384.80
31.1.13,1448.85
1.2.13,1464.45
2.2.13,1536.41
3.2.13,1577.69
4.2.13,178.53
5.2.13,398.32
6.2.13,401.75
7.2.13,405.69
8.2.13,405.69
9.2.13,405.69
10.2.13,405.69
11.2.13,463.32
12.2.13,463.32
13.2.13,463.32
14.2.13,677.03
15.2.13,1026.52
16.2.13,1110.53
17.2.13,1115.32
18.2.13,1115.32
19.2.13,1115.32
20.2.13,1115.32
21.2.13,1257.86
22.2.13,151.53
23.2.13,398.32
24.2.13,401.75
25.2.13,401.75
26.2.13,401.75
27.2.13,401.75
28.2.13,401.75
1.3.13,405.69
2.3.13,405.69
3.3.13,405.69
4.3.13,405.69
5.3.13,405.69
6.3.13,421.32
7.3.13,424.75
8.3.13,428.69
9.3.13,463.32
10.3.13,463.32
11.3.13,463.32
12.3.13,481.01
13.3.13,481.01
14.3.13,965.45
15.3.13,976.52
16.3.13,1085.03
17.3.13,1110.53
18.3.13,1115.32
19.3.13,1115.32
20.3.13,1115.32
21.3.13,1133.01
22.3.13,1133.01
23.3.13,178.53
24.3.13,398.32
25.3.13,398.32
26.3.13,401.75
27.3.13,401.75
28.3.13,401.75
29.3.13,405.69
30.3.13,405.69
31.3.13,405.69
1.4.13,405.69
2.4.13,421.32
3.4.13,463.32
4.4.13,463.32
5.4.13,566.75
6.4.13,1026.52
7.4.13,151.53
8.4.13,401.75
9.4.13,401.75
10.4.13,401.75
11.4.13,401.75
12.4.13,401.75
13.4.13,405.69
14.4.13,405.69
15.4.13,421.32
16.4.13,424.75
17.4.13,463.32
18.4.13,622.03
19.4.13,623.32
20.4.13,623.32
21.4.13,623.32
22.4.13,646.32
23.4.13,1340.03
24.4.13,126.53
25.4.13,245.10
26.4.13,398.32
27.4.13,398.32
28.4.13,398.32
29.4.13,398.32
30.4.13,401.75
1.5.13,401.75
2.5.13,401.75
3.5.13,405.69
4.5.13,405.69
5.5.13,416.01
6.5.13,421.32
7.5.13,424.75
8.5.13,428.69
9.5.13,463.32
10.5.13,589.75
11.5.13,615.48
12.5.13,615.48
13.5.13,615.48
14.5.13,622.03
15.5.13,965.45
16.5.13,976.52
17.5.13,986.52
18.5.13,1050.52
19.5.13,1054.11
20.5.13,1104.45
21.5.13,1115.32
22.5.13,1115.32
23.5.13,1115.32
24.5.13,1115.32
25.5.13,1164.39
26.5.13,2137.09
27.5.13,126.53
28.5.13,398.32
29.5.13,398.32
30.5.13,398.32
31.5.13,401.75
1.6.13,401.75
2.6.13,401.75
3.6.13,405.69
4.6.13,405.69
5.6.13,405.69
6.6.13,405.69
7.6.13,421.32
8.6.13,463.32
9.6.13,463.32
10.6.13,573.03
11.6.13,965.45
12.6.13,976.52
13.6.13,1050.52
14.6.13,1115.32
15.6.13,1115.32
16.6.13,126.53
17.6.13,245.10
18.6.13,398.32
19.6.13,398.32
20.6.13,401.75
21.6.13,401.75
22.6.13,401.75
23.6.13,401.75
24.6.13,405.69
25.6.13,421.32
26.6.13,424.75
27.6.13,428.69
28.6.13,463.32
29.6.13,463.32
30.6.13,463.32
1.7.13,486.32
2.7.13,622.03
3.7.13,965.45
4.7.13,1006.52
5.7.13,1050.52
6.7.13,1115.32
7.7.13,1115.32
8.7.13,1115.32
9.7.13,1115.32
10.7.13,1123.03
11.7.13,126.53
12.7.13,421.32
13.7.13,424.75
14.7.13,428.69
15.7.13,486.32
16.7.13,573.03
17.7.13,586.32
18.7.13,589.75
19.7.13,986.52
20.7.13,1081.11
21.7.13,1110.53
22.7.13,1121.45
23.7.13,1257.86
24.7.13,1319.13
25.7.13,1419.85
26.7.13,1448.85
27.7.13,1470.75
28.7.13,1508.75
29.7.13,1721.45
30.7.13,126.53
31.7.13,345.03
1.8.13,402.19
2.8.13,421.32
3.8.13,421.32
4.8.13,424.75
5.8.13,424.75
6.8.13,424.75
7.8.13,428.69
8.8.13,428.69
9.8.13,428.69
10.8.13,428.69
11.8.13,486.32
12.8.13,486.32
13.8.13,951.52
14.8.13,1067.53
15.8.13,1067.53
16.8.13,1110.53
17.8.13,1508.75
18.8.13,1524.85
19.8.13,1577.69
20.8.13,126.53
21.8.13,345.03
22.8.13,377.03
23.8.13,421.32
24.8.13,1257.86
25.8.13,126.53
26.8.13,421.32
27.8.13,424.75
28.8.13,951.52
29.8.13,1257.86
30.8.13,126.53
31.8.13,345.03
1.9.13,377.03
2.9.13,421.32
3.9.13,424.75
4.9.13,424.75
5.9.13,424.75
6.9.13,424.75
7.9.13,428.69
8.9.13,428.69
9.9.13,486.32
10.9.13,951.52
11.9.13,979.11
12.9.13,1012.45
13.9.13,1257.86
14.9.13,1319.13
15.9.13,1370.45
16.9.13,1384.85
17.9.13,1448.85
18.9.13,1470.75
19.9.13,1508.75
20.9.13,102.53
21.9.13,345.03
22.9.13,421.32
23.9.13,424.75
24.9.13,951.52
25.9.13,1257.86
26.9.13,126.53
27.9.13,345.03
28.9.13,421.32
29.9.13,424.75
30.9.13,424.75
1.10.13,424.75
2.10.13,428.68
3.10.13,428.68
4.10.13,961.52
5.10.13,1054.11
6.10.13,1072.45
7.10.13,1257.86
8.10.13,1319.13
9.10.13,1380.45
10.10.13,1394.85
11.10.13,1470.75
12.10.13,102.53
13.10.13,345.03
14.10.13,421.32
15.10.13,424.75
16.10.13,424.75
17.10.13,428.69
18.10.13,586.32
19.10.13,646.32
20.10.13,961.52
21.10.13,1024.45
22.10.13,1110.53
23.10.13,1257.86
24.10.13,1319.13
25.10.13,1394.85
26.10.13,1448.85
27.10.13,1470.75
28.10.13,1508.78
29.10.13,1566.45
30.10.13,151.53
31.10.13,354.03
1.11.13,421.32
2.11.13,421.32
3.11.13,421.32
4.11.13,421.32
5.11.13,424.75
6.11.13,428.69
7.11.13,428.69
8.11.13,428.69
9.11.13,642.75
10.11.13,951.52
11.11.13,1097.53
12.11.13,1097.53
13.11.13,1524.85
14.11.13,1577.69
15.11.13,1585.75
16.11.13,126.53
17.11.13,272.10
18.11.13,345.03
19.11.13,398.32
20.11.13,398.32
21.11.13,398.32
22.11.13,398.32
23.11.13,398.32
24.11.13,401.75
25.11.13,401.75
26.11.13,401.75
27.11.13,405.69
28.11.13,405.69
29.11.13,405.69
30.11.13,405.69
1.12.13,421.32
2.12.13,424.75
3.12.13,463.32
4.12.13,126.53
5.12.13,345.03
6.12.13,398.32
7.12.13,398.32
8.12.13,398.32
9.12.13,398.32
10.12.13,398.32
11.12.13,398.32
12.12.13,398.32
13.12.13,401.75
14.12.13,401.75
15.12.13,416.01
16.12.13,421.32
17.12.13,424.75
18.12.13,463.32
19.12.13,566.75
20.12.13,151.53
21.12.13,220.10
22.12.13,345.03
23.12.13,398.32
24.12.13,398.32
25.12.13,398.32
26.12.13,398.32
27.12.13,398.32
28.12.13,398.32
29.12.13,398.32
30.12.13,401.75
31.12.13,401.75
1.1.14,405.69
2.1.14,405.69
3.1.14,416.01
4.1.14,416.01
5.1.14,421.32
6.1.14,428.69
7.1.14,463.32
8.1.14,566.75
9.1.14,566.75
10.1.14,589.75
11.1.14,951.52
12.1.14,1115.20
13.1.14,1151.32
14.1.14,1151.32
15.1.14,1151.32
16.1.14,1151.32
17.1.14,126.53
18.1.14,398.32
19.1.14,398.32
20.1.14,398.32
21.1.14,398.32
22.1.14,398.32
23.1.14,398.32
24.1.14,398.32
25.1.14,401.75
26.1.14,401.75
27.1.14,401.75
28.1.14,421.32
29.1.14,463.32
30.1.14,566.75
31.1.14,566.75
1.2.14,589.75
2.2.14,677.03
3.2.14,1110.53
4.2.14,206.53
5.2.14,340.10
6.2.14,401.75
7.2.14,401.75
8.2.14,401.75
9.2.14,405.69
10.2.14,416.01
11.2.14,463.32
12.2.14,463.32
13.2.14,463.32
14.2.14,463.32
15.2.14,463.32
16.2.14,563.32
17.2.14,971.52
18.2.14,1115.32
19.2.14,1115.32
20.2.14,1115.32
21.2.14,206.53
22.2.14,398.32
23.2.14,398.32
24.2.14,398.32
25.2.14,405.69
26.2.14,421.32
27.2.14,428.69
28.2.14,463.32
1.3.14,463.32
2.3.14,530.10
3.3.14,563.32
4.3.14,563.32
5.3.14,563.32
6.3.14,566.75
7.3.14,566.75
8.3.14,566.75
9.3.14,566.75
10.3.14,586.32
11.3.14,589.75
12.3.14,773.32
13.3.14,1123.03
14.3.14,206.53
15.3.14,345.03
16.3.14,398.32
17.3.14,398.32
18.3.14,398.32
19.3.14,398.32
20.3.14,405.69
21.3.14,405.69
22.3.14,416.01
23.3.14,416.01
24.3.14,428.69
25.3.14,463.32
26.3.14,463.32
27.3.14,466.75
28.3.14,486.32
29.3.14,570.69
30.3.14,965.45
31.3.14,1115.32
1.4.14,1115.32
2.4.14,1115.32
3.4.14,1115.32
4.4.14,1115.32
5.4.14,1133.01
6.4.14,126.53
7.4.14,220.10
8.4.14,345.03
9.4.14,398.32
10.4.14,401.75
11.4.14,401.75
12.4.14,405.69
13.4.14,421.32
14.4.14,424.75
15.4.14,463.32
16.4.14,463.32
17.4.14,463.32
18.4.14,951.52
19.4.14,1072.91
20.4.14,1115.32
21.4.14,1115.32
22.4.14,151.53
23.4.14,398.32
24.4.14,398.32
25.4.14,398.32
26.4.14,398.32
27.4.14,401.75
28.4.14,401.75
29.4.14,421.32
30.4.14,573.03
1.5.14,574.35
2.5.14,951.52
3.5.14,971.45
4.5.14,1072.91
5.5.14,1072.91
6.5.14,1115.32
7.5.14,1115.32
8.5.14,1115.32
9.5.14,1115.32
10.5.14,151.53
11.5.14,220.10
12.5.14,345.03
13.5.14,346.35
14.5.14,398.32
15.5.14,398.32
16.5.14,398.32
17.5.14,398.32
18.5.14,398.32
19.5.14,398.32
20.5.14,398.32
21.5.14,401.75
22.5.14,401.75
23.5.14,401.75
24.5.14,401.75
25.5.14,416.01
26.5.14,416.01
27.5.14,424.75
28.5.14,428.69
29.5.14,463.32
30.5.14,951.52
31.5.14,1115.32
1.6.14,1115.32
2.6.14,1115.32
3.6.14,1115.32
4.6.14,1133.01
5.6.14,151.53
6.6.14,398.32
7.6.14,398.32
8.6.14,398.32
9.6.14,398.32
10.6.14,398.32
11.6.14,401.75
12.6.14,421.32
13.6.14,463.32
14.6.14,573.03
15.6.14,796.32
16.6.14,951.52
17.6.14,1072.91
18.6.14,1115.32
19.6.14,1115.32
20.6.14,1115.32
21.6.14,151.53
22.6.14,398.32
23.6.14,398.32
24.6.14,398.32
25.6.14,398.32
26.6.14,398.32
27.6.14,401.75
28.6.14,401.75
29.6.14,401.75
30.6.14,416.01
1.7.14,416.01
2.7.14,421.32
3.7.14,424.75
4.7.14,463.32
5.7.14,463.32
6.7.14,653.69
7.7.14,951.52
8.7.14,1115.32
9.7.14,1115.32
10.7.14,1115.32
11.7.14,1115.32
12.7.14,151.53
13.7.14,398.32
14.7.14,398.32
15.7.14,398.32
16.7.14,398.32
17.7.14,398.32
18.7.14,401.75
19.7.14,405.69
20.7.14,405.69
21.7.14,405.69
22.7.14,428.69
23.7.14,463.32
24.7.14,463.32
25.7.14,486.32
26.7.14,595.10
27.7.14,622.03
28.7.14,677.03
29.7.14,1123.03
30.7.14,102.53
31.7.14,398.32
1.8.14,398.32
2.8.14,398.32
3.8.14,401.75
4.8.14,401.75
5.8.14,405.69
6.8.14,416.01
7.8.14,416.01
8.8.14,424.75
9.8.14,463.32
10.8.14,463.32
11.8.14,463.32
12.8.14,486.32
13.8.14,971.45
14.8.14,1068.17
15.8.14,1115.32
16.8.14,1115.32
17.8.14,1115.32
18.8.14,1115.32
19.8.14,1115.32
20.8.14,1133.01
21.8.14,1257.86
22.8.14,1341.79
23.8.14,1352.01
24.8.14,1508.75
25.8.14,1508.75
26.8.14,1539.69
27.8.14,151.53
28.8.14,304.10
29.8.14,402.31
30.8.14,405.80
31.8.14,463.32
1.9.14,563.32
2.9.14,563.32
3.9.14,563.32
4.9.14,563.32
5.9.14,567.31
6.9.14,567.31
7.9.14,567.31
8.9.14,567.31
9.9.14,570.80
10.9.14,570.80
11.9.14,590.31
12.9.14,593.80
13.9.14,951.21
14.9.14,972.01
15.9.14,1072.91
16.9.14,178.53
17.9.14,481.01
18.9.14,563.32
19.9.14,563.32
20.9.14,563.32
21.9.14,563.32
22.9.14,563.32
23.9.14,567.31
24.9.14,590.31
25.9.14,646.32
26.9.14,126.53
27.9.14,398.32
28.9.14,398.32
29.9.14,398.32
30.9.14,398.32
1.10.14,402.31
2.10.14,402.31
3.10.14,402.31
4.10.14,416.01
5.10.14,421.32
6.10.14,463.32
7.10.14,567.31
8.10.14,570.80
9.10.14,623.32
10.10.14,627.31
11.10.14,653.80
12.10.14,669.10
13.10.14,951.21
14.10.14,972.01
15.10.14,1115.32
16.10.14,1115.32
17.10.14,151.53
18.10.14,398.33
19.10.14,402.31
20.10.14,463.33
21.10.14,486.33
22.10.14,563.33
23.10.14,563.33
24.10.14,951.21
25.10.14,966.04
26.10.14,1072.91
27.10.14,1111.11
28.10.14,1115.33
29.10.14,1123.03
30.10.14,151.53
31.10.14,402.31
1.11.14,402.31
2.11.14,463.33
3.11.14,463.33
4.11.14,463.33
5.11.14,463.33
6.11.14,481.04
7.11.14,486.10
8.11.14,563.33
9.11.14,563.33
10.11.14,567.31
11.11.14,951.21
12.11.14,966.04
13.11.14,971.21
14.11.14,206.53
15.11.14,402.31
16.11.14,405.80
17.11.14,530.10
18.11.14,563.33
19.11.14,563.33
20.11.14,563.33
21.11.14,563.33
22.11.14,951.21
23.11.14,972.04
24.11.14,981.21
25.11.14,235.53
26.11.14,402.31
27.11.14,504.04
28.11.14,567.31
29.11.14,570.80
30.11.14,581.04
1.12.14,581.04
2.12.14,627.31
3.12.14,951.21
4.12.14,1071.21
5.12.14,1123.03
6.12.14,1156.73
7.12.14,1258.42
8.12.14,1341.80
9.12.14,1384.91
10.12.14,1452.59
11.12.14,1471.31
12.12.14,1577.80
13.12.14,235.53
14.12.14,402.31
15.12.14,402.31
16.12.14,402.31
17.12.14,405.80
18.12.14,405.80
19.12.14,566.33
20.12.14,677.03
21.12.14,773.33
22.12.14,773.33
23.12.14,1123.03
24.12.14,235.53
25.12.14,367.48
26.12.14,398.33
27.12.14,402.31
28.12.14,466.33
29.12.14,567.31
30.12.14,567.31
31.12.14,568.33
1.1.15,590.31
2.1.15,178.53
3.1.15,398.33
4.1.15,398.33
5.1.15,398.33
6.1.15,398.33
7.1.15,398.33
8.1.15,402.31
9.1.15,402.31
10.1.15,402.31
11.1.15,402.31
12.1.15,402.31
13.1.15,421.33
14.1.15,425.31
15.1.15,481.04
16.1.15,486.33
17.1.15,530.10
18.1.15,653.80
19.1.15,677.03
20.1.15,951.21
21.1.15,961.21
22.1.15,966.04
23.1.15,1111.11
24.1.15,1115.33
25.1.15,1115.33
26.1.15,1115.33
27.1.15,1115.33
28.1.15,1132.53
29.1.15,1133.04
30.1.15,80.53
31.1.15,220.10
1.2.15,350.03
2.2.15,388.49
3.2.15,398.32
4.2.15,398.32
5.2.15,402.31
6.2.15,405.80
7.2.15,405.80
8.2.15,421.32
9.2.15,425.31
10.2.15,566.32
11.2.15,1111.14
12.2.15,1258.42
13.2.15,1384.91
14.2.15,2224.32
15.2.15,80.53
16.2.15,350.03
17.2.15,367.49
18.2.15,398.32
19.2.15,398.32
20.2.15,402.31
21.2.15,402.31
22.2.15,405.80
23.2.15,421.32
24.2.15,425.31
25.2.15,428.80
26.2.15,951.30
27.2.15,966.01
28.2.15,971.30
1.3.15,1001.30
2.3.15,1111.14
3.3.15,1115.32
4.3.15,1115.32
5.3.15,1258.42
6.3.15,1384.91
7.3.15,2224.32
8.3.15,80.53
9.3.15,220.10
10.3.15,350.03
11.3.15,388.49
12.3.15,398.32
13.3.15,398.32
14.3.15,402.31
15.3.15,405.80
16.3.15,421.32
17.3.15,425.31
18.3.15,428.80
19.3.15,951.30
20.3.15,971.30
21.3.15,1115.32
22.3.15,1115.32
23.3.15,80.53
24.3.15,350.03
25.3.15,388.49
26.3.15,398.32
27.3.15,402.31
28.3.15,421.32
29.3.15,425.31
30.3.15,466.32
31.3.15,466.32
1.4.15,470.80
2.4.15,480.49
3.4.15,80.53
4.4.15,220.10
5.4.15,242.49
6.4.15,350.03
7.4.15,398.32
8.4.15,398.32
9.4.15,402.31
10.4.15,402.31
11.4.15,405.80
12.4.15,416.01
13.4.15,421.32
14.4.15,425.31
15.4.15,428.80
16.4.15,951.30
17.4.15,966.01
18.4.15,971.30
19.4.15,1111.14
20.4.15,1115.32
21.4.15,1115.32
22.4.15,1132.50
23.4.15,1133.01
24.4.15,1258.42
25.4.15,1384.91
26.4.15,2224.32
27.4.15,61.53
28.4.15,350.03
29.4.15,398.32
30.4.15,402.31
1.5.15,402.31
2.5.15,405.80
3.5.15,421.32
4.5.15,425.31
5.5.15,102.53
6.5.15,220.10
7.5.15,350.03
8.5.15,398.32
9.5.15,398.32
10.5.15,402.31
11.5.15,402.31
12.5.15,405.80
13.5.15,405.80
14.5.15,421.32
15.5.15,425.31
16.5.15,463.32
17.5.15,79.42
18.5.15,82.72
19.5.15,94.42
20.5.15,113.72
21.5.15,151.53
22.5.15,213.11
23.5.15,240.75
24.5.15,365.75
25.5.15,398.32
26.5.15,398.32
27.5.15,402.31
28.5.15,405.80
29.5.15,405.80
30.5.15,416.01
31.5.15,421.32
1.6.15,425.31
2.6.15,428.80
3.6.15,579.35
4.6.15,627.03
5.6.15,755.10
6.6.15,1111.14
7.6.15,61.53
8.6.15,219.38
9.6.15,350.03
10.6.15,367.49
11.6.15,398.32
12.6.15,402.31
13.6.15,405.80
14.6.15,1111.14
15.6.15,61.53
16.6.15,129.42
17.6.15,149.42
18.6.15,175.72
19.6.15,339.38
20.6.15,365.75
21.6.15,388.49
22.6.15,398.32
23.6.15,402.31
24.6.15,405.80
25.6.15,405.80
26.6.15,421.32
27.6.15,425.31
28.6.15,578.03
29.6.15,628.35
30.6.15,129.42
1.7.15,149.42
2.7.15,298.01
3.7.15,311.83
4.7.15,381.38
5.7.15,388.49
6.7.15,398.32
7.7.15,398.32
8.7.15,402.31
9.7.15,405.42
10.7.15,405.80
11.7.15,405.80
12.7.15,421.32
13.7.15,425.31
14.7.15,463.32
15.7.15,1020.03
16.7.15,102.53
17.7.15,129.42
18.7.15,131.83
19.7.15,132.72
20.7.15,137.01
21.7.15,149.42
22.7.15,157.01
23.7.15,180.01
24.7.15,303.38
25.7.15,315.75
26.7.15,339.38
27.7.15,398.32
28.7.15,398.32
29.7.15,405.42
30.7.15,411.03
31.7.15,421.32
1.8.15,460.75
2.8.15,567.31
3.8.15,590.31
4.8.15,627.03
5.8.15,102.30
6.8.15,148.92
7.8.15,196.92
8.8.15,379.03
9.8.15,492.44
10.8.15,631.31
11.8.15,892.80
12.8.15,1311.92
13.8.15,1345.41
14.8.15,80.03
15.8.15,348.35
16.8.15,491.31
17.8.15,492.43
18.8.15,575.03
19.8.15,892.80
20.8.15,971.07
21.8.15,1311.92
22.8.15,1345.41
23.8.15,80.03
24.8.15,109.92
25.8.15,148.92
26.8.15,149.22
27.8.15,172.22
28.8.15,347.03
29.8.15,491.31
30.8.15,492.43
31.8.15,892.80
1.9.15,1311.92
2.9.15,1345.41
3.9.15,131.33
4.9.15,133.51
5.9.15,148.92
6.9.15,153.51
7.9.15,379.03
8.9.15,492.43
9.9.15,631.31
10.9.15,892.80
11.9.15,971.07
12.9.15,1008.35
13.9.15,1311.92
14.9.15,1345.41
15.9.15,1373.30
16.9.15,1701.64
17.9.15,46.03
18.9.15,109.92
19.9.15,131.33
20.9.15,148.92
21.9.15,149.22
22.9.15,153.51
23.9.15,207.22
24.9.15,892.80
25.9.15,1311.92
26.9.15,46.03
27.9.15,109.92
28.9.15,148.92
29.9.15,492.43
30.9.15,575.03
1.10.15,631.31
2.10.15,46.03
3.10.15,93.92
4.10.15,94.22
5.10.15,109.92
6.10.15,129.22
7.10.15,171.92
8.10.15,172.22
9.10.15,196.92
10.10.15,491.31
11.10.15,492.43
12.10.15,624.03
13.10.15,892.80
14.10.15,1311.92
15.10.15,1345.41
16.10.15,171.92
17.10.15,348.35
18.10.15,492.43
19.10.15,624.03
20.10.15,892.80
21.10.15,971.07
22.10.15,1311.92
23.10.15,1345.41
24.10.15,46.03
25.10.15,128.92
26.10.15,129.22
27.10.15,148.92
28.10.15,149.22
29.10.15,171.92
30.10.15,347.03
31.10.15,491.31
1.11.15,492.43
2.11.15,892.80
3.11.15,1311.92
4.11.15,1345.41
5.11.15,128.92
6.11.15,131.33
7.11.15,148.92
8.11.15,153.51
9.11.15,347.03
10.11.15,379.03
11.11.15,491.31
12.11.15,492.44
13.11.15,892.80
14.11.15,948.35
15.11.15,971.06
16.11.15,1311.92
17.11.15,1345.41
18.11.15,1373.30
19.11.15,1701.64
20.11.15,46.03
21.11.15,131.33
22.11.15,148.92
23.11.15,149.22
24.11.15,153.51
25.11.15,171.92
26.11.15,347.03
27.11.15,491.31
28.11.15,492.43
29.11.15,892.80
30.11.15,1311.92
1.12.15,80.03
2.12.15,148.92
3.12.15,196.92
4.12.15,379.03
5.12.15,491.31
6.12.15,492.43
7.12.15,892.80
8.12.15,1311.92
9.12.15,1345.41
10.12.15,46.03
11.12.15,93.92
12.12.15,109.92
13.12.15,110.22
14.12.15,128.92
15.12.15,149.22
16.12.15,183.92
17.12.15,184.22
18.12.15,347.03
19.12.15,491.31
20.12.15,492.43
21.12.15,892.80
22.12.15,1311.92
23.12.15,1345.41
24.12.15,128.92
25.12.15,148.92
26.12.15,347.03
27.12.15,491.31
28.12.15,492.43
29.12.15,892.80
30.12.15,971.07
31.12.15,1311.92
1.1.16,46.03
2.1.16,491.31
3.1.16,552.43
4.1.16,892.80
5.1.16,971.07
6.1.16,1311.92
7.1.16,46.03
8.1.16,109.92
9.1.16,129.22
10.1.16,148.92
11.1.16,171.92
12.1.16,172.22
13.1.16,379.03
14.1.16,492.43
15.1.16,624.03
16.1.16,631.31
17.1.16,892.80
18.1.16,1311.92
19.1.16,1345.41
20.1.16,46.03
21.1.16,110.22
22.1.16,111.33
23.1.16,127.22
24.1.16,171.92
25.1.16,347.03
26.1.16,491.31
27.1.16,492.43
28.1.16,892.80
29.1.16,1311.92
30.1.16,46.03
31.1.16,110.22
1.2.16,149.22
2.2.16,171.92
3.2.16,492.43
4.2.16,575.03
5.2.16,631.31
6.2.16,892.80
7.2.16,1311.92
8.2.16,1345.41
9.2.16,46.03
10.2.16,171.92
11.2.16,172.22
12.2.16,347.03
13.2.16,492.43
14.2.16,631.31
15.2.16,892.80
16.2.16,1311.92
17.2.16,171.92
18.2.16,347.03
19.2.16,491.31
20.2.16,492.43
21.2.16,892.80
22.2.16,971.07
23.2.16,1311.92
24.2.16,46.03
25.2.16,172.22
26.2.16,197.22
27.2.16,552.43
28.2.16,892.80
29.2.16,971.07
1.3.16,1311.92
2.3.16,46.03
3.3.16,109.92
4.3.16,110.22
5.3.16,171.92
6.3.16,172.22
7.3.16,197.22
8.3.16,347.03
9.3.16,379.03
10.3.16,491.31
11.3.16,492.43
12.3.16,892.80
13.3.16,1311.92
14.3.16,1345.41
15.3.16,46.03
16.3.16,154.33
17.3.16,176.51
18.3.16,379.03
19.3.16,492.43
20.3.16,552.43
21.3.16,575.03
22.3.16,631.31
23.3.16,892.80
24.3.16,1311.92
25.3.16,126.03
26.3.16,197.22
27.3.16,289.92
28.3.16,379.03
29.3.16,492.43
30.3.16,679.03
31.3.16,892.80
1.4.16,1311.92
2.4.16,1345.41
3.4.16,46.03
4.4.16,111.33
5.4.16,114.51
6.4.16,171.92
7.4.16,196.92
8.4.16,197.22
9.4.16,347.03
10.4.16,379.03
11.4.16,491.31
12.4.16,492.43
13.4.16,892.80
14.4.16,1311.92
15.4.16,1345.41
16.4.16,128.92
17.4.16,171.92
18.4.16,196.92
19.4.16,347.03
20.4.16,492.43
21.4.16,892.80
22.4.16,971.07
23.4.16,1311.92
24.4.16,1345.41
25.4.16,46.03
26.4.16,347.03
27.4.16,492.43
28.4.16,631.31
29.4.16,892.80
30.4.16,971.07
1.5.16,1311.92
2.5.16,1345.41
3.5.16,46.03
4.5.16,109.92
5.5.16,129.22
6.5.16,148.92
7.5.16,149.22
8.5.16,347.03
9.5.16,492.43
10.5.16,892.80
11.5.16,1311.92
12.5.16,1345.41
13.5.16,148.92
14.5.16,153.51
15.5.16,154.33
16.5.16,176.51
17.5.16,347.03
18.5.16,491.31
19.5.16,492.43
20.5.16,892.80
21.5.16,1311.92
22.5.16,1345.41
23.5.16,1701.64
24.5.16,46.03
25.5.16,148.92
26.5.16,154.33
27.5.16,172.22
28.5.16,176.51
29.5.16,347.03
30.5.16,379.03
31.5.16,492.43
1.6.16,631.31
2.6.16,892.80
3.6.16,948.35
4.6.16,962.43
5.6.16,1028.35
6.6.16,1311.92
7.6.16,1373.30
8.6.16,2168.93
9.6.16,2229.43
10.6.16,102.30
11.6.16,148.92
12.6.16,153.51
13.6.16,172.22
14.6.16,176.51
15.6.16,492.44
16.6.16,575.03
17.6.16,624.03
18.6.16,892.80
19.6.16,1311.92
20.6.16,1345.41
21.6.16,148.92
22.6.16,348.35
23.6.16,492.43
24.6.16,575.03
25.6.16,892.80
26.6.16,1311.41
27.6.16,1345.41
28.6.16,1893.72
29.6.16,80.03
30.6.16,492.43
1.7.16,575.03
2.7.16,631.31
3.7.16,892.80
4.7.16,1311.41
5.7.16,1345.41
6.7.16,80.03
7.7.16,109.92
8.7.16,110.22
9.7.16,171.92
10.7.16,172.22
11.7.16,492.43
12.7.16,575.03
13.7.16,892.80
14.7.16,1311.92
15.7.16,1345.41
16.7.16,154.33
17.7.16,171.92
18.7.16,176.51
19.7.16,347.03
20.7.16,492.43
21.7.16,575.03
22.7.16,631.31
23.7.16,892.80
24.7.16,1311.41
25.7.16,1345.41
26.7.16,149.22
27.7.16,206.03
28.7.16,207.33
29.7.16,224.92
30.7.16,492.43
31.7.16,575.03
1.8.16,892.80
2.8.16,1311.92
3.8.16,149.22
4.8.16,206.03
5.8.16,224.92
6.8.16,379.03
7.8.16,492.43
8.8.16,631.31
9.8.16,892.80
10.8.16,1311.92
11.8.16,1345.41
12.8.16,148.92
13.8.16,149.22
14.8.16,154.33
15.8.16,176.51
16.8.16,179.33
17.8.16,201.51
18.8.16,206.03
19.8.16,491.31
20.8.16,492.43
21.8.16,624.03
22.8.16,892.80
23.8.16,1311.92
24.8.16,1345.41
25.8.16,178.03
26.8.16,491.31
27.8.16,552.43
28.8.16,892.80
29.8.16,1311.92
30.8.16,1345.41
31.8.16,196.92
1.9.16,197.22
2.9.16,206.03
3.9.16,380.35
4.9.16,492.43
5.9.16,624.03
6.9.16,624.03
7.9.16,892.80
8.9.16,1311.92
9.9.16,289.92
10.9.16,328.92
11.9.16,492.44
12.9.16,552.44
13.9.16,631.31
14.9.16,679.03
15.9.16,723.81
16.9.16,892.80
17.9.16,948.35
18.9.16,953.35
19.9.16,1311.92
20.9.16,1345.41
21.9.16,1373.30
22.9.16,1650.81
23.9.16,1701.64
24.9.16,2168.94
25.9.16,2229.44
26.9.16,235.03
27.9.16,328.92
28.9.16,329.22
29.9.16,492.43
30.9.16,892.80
1.10.16,1388.92
2.10.16,206.03
3.10.16,328.92
4.10.16,329.22
5.10.16,370.92
6.10.16,492.43
7.10.16,552.43
8.10.16,575.03
9.10.16,679.03
10.10.16,892.80
11.10.16,1311.41
12.10.16,1345.41
13.10.16,1388.92
14.10.16,110.22
15.10.16,111.33
16.10.16,148.92
17.10.16,151.03
18.10.16,153.51
19.10.16,176.51
20.10.16,379.03
21.10.16,492.43
22.10.16,892.80
23.10.16,1311.92
24.10.16,1345.41
25.10.16,148.92
26.10.16,347.03
27.10.16,348.35
28.10.16,492.43
29.10.16,892.80
30.10.16,1311.92
31.10.16,1345.41
1.11.16,1893.72
2.11.16,80.03
3.11.16,93.92
4.11.16,109.92
5.11.16,110.22
6.11.16,148.92
7.11.16,149.22
8.11.16,149.22
9.11.16,149.22
10.11.16,171.92
11.11.16,347.03
12.11.16,492.43
13.11.16,892.80
14.11.16,111.33
15.11.16,133.51
16.11.16,148.92
17.11.16,153.51
18.11.16,176.51
19.11.16,491.31
20.11.16,492.43
21.11.16,552.43
22.11.16,575.03
23.11.16,892.80
24.11.16,1311.92
25.11.16,1345.41
26.11.16,1701.64
27.11.16,102.03
28.11.16,110.22
29.11.16,111.33
30.11.16,148.92
1.12.16,347.03
2.12.16,492.43
3.12.16,575.03
4.12.16,892.80
5.12.16,1311.92
6.12.16,102.03
7.12.16,129.22
8.12.16,148.92
9.12.16,379.03
10.12.16,492.43
11.12.16,575.03
12.12.16,892.80
13.12.16,1311.92
14.12.16,1345.41
15.12.16,80.03
16.12.16,110.22
17.12.16,111.33
18.12.16,131.33
19.12.16,148.92
20.12.16,153.51
21.12.16,176.51
22.12.16,379.03
23.12.16,492.43
24.12.16,892.80
25.12.16,1311.92
26.12.16,1345.41
27.12.16,128.92
28.12.16,148.92
29.12.16,347.03
30.12.16,892.80
31.12.16,1311.92
1.1.17,1345.41
2.1.17,1893.72
3.1.17,80.03
4.1.17,93.92
5.1.17,110.22
6.1.17,129.22
7.1.17,148.92
8.1.17,196.92
9.1.17,347.03
10.1.17,492.43
11.1.17,892.80
12.1.17,1311.92
13.1.17,1345.41
14.1.17,111.33
15.1.17,133.51
16.1.17,148.92
17.1.17,201.51
18.1.17,347.03
19.1.17,631.31
20.1.17,732.43
21.1.17,1345.41
22.1.17,1701.64
23.1.17,110.22
24.1.17,111.33
25.1.17,126.03
26.1.17,148.92
27.1.17,347.03
28.1.17,892.80
29.1.17,1311.92
30.1.17,102.03
31.1.17,129.22
1.2.17,148.92
2.2.17,492.43
3.2.17,575.03
4.2.17,892.80
5.2.17,1311.92
6.2.17,1345.41
7.2.17,80.03
8.2.17,109.92
9.2.17,110.22
10.2.17,111.33
11.2.17,148.92
12.2.17,171.92
13.2.17,179.33
14.2.17,196.92
15.2.17,201.51
16.2.17,491.31
17.2.17,892.80
18.2.17,1311.92
19.2.17,1345.41
20.2.17,148.92
21.2.17,196.92
22.2.17,347.03
23.2.17,492.43
24.2.17,892.80
25.2.17,1311.92
26.2.17,1345.41
27.2.17,1893.72
28.2.17,80.03
1.3.17,347.03
2.3.17,552.43
3.3.17,631.31
4.3.17,892.80
5.3.17,1311.92
6.3.17,1345.41
7.3.17,111.33
8.3.17,133.51
9.3.17,148.92
10.3.17,201.51
11.3.17,347.03
12.3.17,491.31
13.3.17,732.43
14.3.17,892.80
15.3.17,1311.92
16.3.17,1345.41
17.3.17,1388.92
18.3.17,1701.64
19.3.17,102.03
20.3.17,179.33
21.3.17,347.03
22.3.17,732.43
23.3.17,892.80
24.3.17,1311.92
25.3.17,102.03
26.3.17,347.03
27.3.17,393.92
28.3.17,491.31
29.3.17,492.43
30.3.17,892.80
31.3.17,1311.92
1.4.17,1345.41
2.4.17,80.03
3.4.17,111.33
4.4.17,131.33
5.4.17,201.51
6.4.17,379.03
7.4.17,491.31
8.4.17,492.43
9.4.17,892.80
10.4.17,1311.92
11.4.17,1345.41
12.4.17,1731.98
13.4.17,347.03
14.4.17,393.92
15.4.17,492.43
16.4.17,892.80
17.4.17,1311.92
18.4.17,1345.41
19.4.17,1893.72
20.4.17,80.03
21.4.17,347.03
22.4.17,491.31
23.4.17,492.43
24.4.17,892.80
25.4.17,1311.92
26.4.17,1345.41
27.4.17,126.03
28.4.17,347.03
29.4.17,492.43
30.4.17,892.80
1.5.17,1311.92
2.5.17,1345.41
3.5.17,111.33
4.5.17,126.03
5.5.17,347.03
6.5.17,492.43
7.5.17,575.03
8.5.17,892.80
9.5.17,1311.92
10.5.17,151.03
11.5.17,379.03
12.5.17,393.92
13.5.17,417.92
14.5.17,491.31
15.5.17,492.43
16.5.17,892.80
17.5.17,1311.92
18.5.17,1345.41
19.5.17,111.33
20.5.17,126.03
21.5.17,179.33
22.5.17,201.51
23.5.17,347.03
24.5.17,491.31
25.5.17,492.43
26.5.17,892.80
27.5.17,1311.92
28.5.17,1345.41
29.5.17,1731.98
30.5.17,347.03
31.5.17,393.92
1.6.17,492.43
2.6.17,892.80
3.6.17,1311.92
4.6.17,1345.41
5.6.17,1893.72
6.6.17,102.30
7.6.17,347.03
8.6.17,491.31
9.6.17,492.43
10.6.17,892.80
11.6.17,1311.92
12.6.17,1345.41
13.6.17,102.30
14.6.17,347.03
15.6.17,492.43
16.6.17,892.80
17.6.17,1311.92
18.6.17,1345.41
19.6.17,111.33
20.6.17,126.03
21.6.17,347.03
22.6.17,379.03
23.6.17,492.43
24.6.17,892.80
25.6.17,1311.92
26.6.17,126.03
27.6.17,347.03
28.6.17,393.92
29.6.17,491.31
30.6.17,492.43
1.7.17,575.03
2.7.17,892.80
3.7.17,1311.92
4.7.17,1345.41
5.7.17,111.33
6.7.17,126.03
7.7.17,201.51
8.7.17,347.03
9.7.17,492.43
10.7.17,631.31
11.7.17,892.80
12.7.17,1311.92
13.7.17,1345.41
14.7.17,1731.98
15.7.17,347.03
16.7.17,393.92
17.7.17,492.43
18.7.17,892.80
19.7.17,1311.92
20.7.17,1345.41
21.7.17,1893.72
22.7.17,126.03
23.7.17,347.03
24.7.17,491.31
25.7.17,492.43
26.7.17,892.80
27.7.17,1311.92
28.7.17,1345.41
29.7.17,102.30
30.7.17,347.03
31.7.17,491.31
1.8.17,492.43
2.8.17,892.80
3.8.17,1311.92
4.8.17,1345.41
5.8.17,179.33
6.8.17,201.51
7.8.17,379.03
8.8.17,393.92
9.8.17,491.31
10.8.17,492.43
11.8.17,892.80
12.8.17,948.35
13.8.17,1311.92
14.8.17,1345.41
15.8.17,1373.30
16.8.17,1701.64
17.8.17,151.03
18.8.17,393.92
19.8.17,491.31
20.8.17,492.43
21.8.17,624.03
22.8.17,892.80
23.8.17,1311.92
24.8.17,126.03
25.8.17,179.33
26.8.17,201.51
27.8.17,207.33
28.8.17,347.03
29.8.17,491.31
30.8.17,492.43
31.8.17,575.03
1.9.17,892.80
2.9.17,1311.92
3.9.17,1731.98
4.9.17,347.03
5.9.17,379.03
6.9.17,393.92
7.9.17,492.43
8.9.17,892.80
9.9.17,1311.92
10.9.17,1893.72
11.9.17,203.53
12.9.17,398.27
13.9.17,402.31
14.9.17,421.27
15.9.17,627.31
16.9.17,1111.07
17.9.17,132.53
18.9.17,350.03
19.9.17,367.48
20.9.17,398.27
21.9.17,402.31
22.9.17,425.31
23.9.17,428.80
24.9.17,463.27
25.9.17,530.10
26.9.17,562.48
27.9.17,951.21
28.9.17,1021.21
29.9.17,1044.21
30.9.17,1115.27
1.10.17,111.53
2.10.17,367.48
3.10.17,398.27
4.10.17,402.31
5.10.17,405.80
6.10.17,425.31
7.10.17,463.27
8.10.17,530.10
9.10.17,102.53
10.10.17,398.32
11.10.17,428.80
12.10.17,350.03
13.10.17,405.80
14.10.17,682.03
15.10.17,425.31
16.10.17,951.30
17.10.17,425.31
18.10.17,1111.14
19.10.17,350.03
20.10.17,61.53
21.10.17,402.31
22.10.17,1111.16
23.10.17,350.03
24.10.17,463.32
25.10.17,175.72
26.10.17,398.32
27.10.17,383.35
28.10.17,425.31
29.10.17,398.32
30.10.17,578.03
31.10.17,102.03
1.11.17,142.92
2.11.17,149.22
3.11.17,171.92
4.11.17,379.03
5.11.17,492.44
6.11.17,631.31
7.11.17,1311.92
8.11.17,1345.41
9.11.17,892.80
10.11.17,971.06
11.11.17,454.38
12.11.17,754.94
13.11.17,195.90
14.11.17,224.45
15.11.17,347.03
16.11.17,454.55
17.11.17,520.27
18.11.17,679.03
19.11.17,892.80
20.11.17,1311.92
21.11.17,141.90
22.11.17,173.22
23.11.17,215.90
24.11.17,347.03
25.11.17,491.31
26.11.17,492.44
27.11.17,892.80
28.11.17,1311.92
29.11.17,148.92
30.11.17,197.22
1.12.17,201.51
2.12.17,215.90
3.12.17,273.14
4.12.17,331.22
5.12.17,492.44
6.12.17,575.03
7.12.17,631.31
8.12.17,892.80
9.12.17,923.58
10.12.17,1004.14
11.12.17,1036.58
12.12.17,1311.92
13.12.17,393.92
14.12.17,492.44
15.12.17,575.03
16.12.17,679.03
17.12.17,892.80
18.12.17,1311.92
19.12.17,2094.10
